V1,V2,V3,V4,Label
-0.8734,-0.033118,-0.20165,0.55774,2
2.0177,1.7982,-2.9581,0.2099,2
-0.36038000000000003,4.1158,3.1143,-0.37199,1
-2.0529,3.8385,-0.7954399999999999,-1.2138,2
5.2756,0.13863,0.12138,1.1435,1
3.884,10.0277,-3.9298,-4.0819,1
-1.8046,-6.8141,6.7019,1.1681,2
0.64295,7.1018,0.3493,-0.41336999999999996,1
4.4549,2.4976,1.0313,0.9689399999999999,1
-2.4824,-7.3046,6.8389999999999995,-0.59053,2
2.2928,9.0386,-3.2417,-1.2991,1
1.8216,-6.4748,8.0514,-0.41855,1
4.8278,7.7598,-2.4491,-1.2216,1
-3.1158,-8.6289,10.4403,0.9715299999999999,2
-4.2333,4.9166,-0.49212,-5.3207,2
-0.77995,3.2322,-3.282,-3.1004,2
-1.7781,0.8546,7.1303,0.027572000000000003,1
-2.286,-5.4484,5.8039,0.88231,2
-3.7573,-8.2916,10.3032,0.38059,2
-1.8782,-6.5865,4.8486,-0.021566,2
5.0429,-0.52974,0.50439,1.1059999999999999,1
-2.1786,-6.4479,6.0344,-0.20776999999999998,2
-1.682,-6.8121,7.1398,1.3323,2
-2.9138,-9.4711,9.7668,-0.60216,2
4.9852,8.3516,-2.5425,-1.2823,1
-2.4458,1.6285,-0.88541,-1.4802,2
4.9294,0.27726999999999996,0.20792,0.33662,1
3.7569999999999997,-5.4236,3.8255,-1.2526,1
-3.1273,-7.1121,11.3897,-0.083634,2
2.9742,8.96,-2.9024,-1.0379,1
3.7352,9.5911,-3.9032,-3.3487,1
4.3684,9.6718,-3.9606,-3.1625,1
-4.8554,-5.9037,10.9818,-0.82199,2
4.7965,6.9859,-1.9967,-0.35001,1
-3.1423,-13.0365,15.6773,-0.66165,2
1.8994,0.97462,4.2265,0.81377,1
3.4805,9.7008,-3.7541,-3.4379,1
-0.24811,-0.17797000000000002,4.9068,0.15429,1
1.6406,3.5488,1.3964,-0.36424,1
-1.3971,3.3191,-1.3927,-1.9948,2
-3.5180000000000002,2.8763,0.1548,-1.2086,2
5.438,9.4669,-4.9417,-3.9202,1
4.0215,-2.7004,2.4957,0.36635999999999996,1
-1.3995,-1.9162,2.5154,0.59912,2
0.6549699999999999,5.1815,1.0673,-0.42113,1
-1.4217,11.6542,-0.057699,-7.1025,1
-4.3967,4.9601,-0.6489199999999999,-5.4719,2
-3.2051,-0.14279,0.97565,0.045675,2
-2.1668,1.5933,0.045122,-1.6780000000000002,2
5.0214,8.0764,-3.0515,-1.7155,1
3.4566,9.5228,-4.0112,-3.5944,1
1.518,5.6946,0.094818,-0.026737999999999998,1
-4.4775,-13.0303,17.0834,-3.0345,2
0.66365,-0.045533,-0.18794,0.23446999999999998,2
-4.0679,2.4955,0.79571,-1.1039,2
0.9670799999999999,3.8426,-4.9314,-4.1323,2
-0.8471,3.1329,-3.0112,-2.9388,2
0.67886,4.1199,-4.569,-4.1414,2
-3.8167,5.1401,-0.65063,-5.4306,2
3.2303,7.8384,-3.5348,-1.2151,1
1.1811,8.3847,-2.0567,-0.90345,1
3.359,9.8022,-3.8209,-3.7133,1
2.9499,2.2493,1.3458,-0.037083,1
0.29961,7.1328,-0.31475,-1.1828,1
1.9429,6.3961,0.092248,0.58102,1
1.3451,0.23589000000000002,-1.8785,1.3258,2
-0.38388,-1.0471,8.0514,0.49567,1
-1.4375,-1.8624,4.026,0.5512699999999999,2
1.1588,8.9331,-2.0807,-1.1272,1
-2.6479,10.1374,-1.331,-5.4707,1
1.105,7.4432,0.41098999999999997,-3.0332,1
3.4465,2.9508,1.0271,0.5461,1
-4.0214,-12.8006,15.6199,-0.95647,2
0.75108,1.9161,-3.1098,-0.20518000000000003,2
4.6054,-4.0765,2.7587,0.31981,1
-2.0046,-0.49456999999999995,1.3330000000000002,1.6543,2
-3.5713,-12.4922,14.8881,-0.47026999999999997,2
3.5156,10.1891,-4.2759,-4.978,1
-2.0336,-1.4092,1.1582,0.36507,2
1.0182,9.109,-0.62064,-1.7129,1
-0.8734,1.6533,-2.1964,-0.78061,2
0.30080999999999997,0.17381,-1.7542,0.48921000000000003,2
-2.2987,-5.227,5.63,0.91722,2
-4.1244,3.7909,-0.6532,-4.1802,2
-0.9592299999999999,-6.7128,4.9857,0.32886,2
-2.2804,-0.30626,1.3347,1.3763,2
-0.88728,2.8080000000000003,-3.1432,-1.2035,2
-7.0421,9.2,0.25933,-4.6832,2
-2.799,1.9679,-0.42357,-2.1125,2
-3.3553,0.35591,2.6473,-0.37846,2
-2.5665,-6.8824,7.5416,0.7077399999999999,2
2.6946,6.7976,-0.40301,0.44911999999999996,1
-2.9146,4.0537,-0.45698999999999995,-4.0327,2
1.7452,4.8028,2.0878,0.62627,1
3.866,-2.6383,1.9242,0.10645,1
3.5912,3.0129,0.72888,0.56421,1
5.0297,-4.9704,3.5025,-0.23751,1
-2.3797,-1.4402,1.1273,0.16076,2
-1.6662,-0.30005,1.4238,0.024986,2
0.11592000000000001,3.2219,-3.4302,-2.8457,2
6.0919,2.9673,-1.3267,1.4551,1
2.6104,8.0081,-0.23592,-1.7608,1
-0.38214000000000004,8.3909,2.1624,-3.7405,1
-5.0477,-5.8023,11.244000000000002,-0.3901,2
5.1213,8.5565,-3.3917,-1.5474,1
-1.979,3.2301,-1.3575,-2.5819,2
-0.24036999999999997,-1.7837,2.135,1.2418,2
-4.0025,-13.4979,17.6772,-3.3202,2
-2.62,-6.8555,6.2169,-0.62285,2
3.0934,-2.9177,2.2232,0.22283000000000003,1
0.7057,-5.4981,8.3368,-2.8715,1
3.966,3.9213,0.7057399999999999,0.33662,1
-0.7869,9.5663,-3.7867,-7.5034,1
2.3136,10.6651,-3.5288,-4.7672,1
-4.2859,8.5234,3.1392,-0.9163899999999999,1
4.8265,0.80287,1.6371,1.1875,1
2.4673,1.3926,1.7125,0.41421,1
0.68087,2.3259,4.9085,0.54998,1
3.4642,10.6878,-3.4071,-4.109,1
-2.6479,10.1374,-1.331,-5.4707,1
0.56953,7.6294,1.5754,-3.2233,1
4.7181,10.0153,-3.9486,-3.8582,1
-0.3481,-0.38695999999999997,-0.47841000000000006,0.62627,2
-2.2214,-0.23798000000000002,0.56008,0.05602000000000001,2
-0.7869,9.5663,-3.7867,-7.5034,1
-0.5081600000000001,2.8680000000000003,-1.8108,-2.2612,2
2.1319,-2.0403,2.5574,-0.061652,1
-1.4446,2.1438,-0.47241000000000005,-1.6677,2
-0.45061999999999997,-1.3678,7.0858,-0.40303,1
1.7257,-4.4697,8.2219,-1.8073,1
0.045304000000000004,6.7334,1.0708,-0.9332,1
-2.6989,12.1984,0.67661,-8.5482,1
3.5862,-3.0957,2.8093,0.24481,1
-6.9599,8.9931,0.2182,-4.572,2
-0.24745,1.9368,-2.4697,-0.80518,2
2.888,0.44696,4.5907,-0.24398000000000003,1
4.3064,8.2068,-2.7824,-1.4336,1
1.5268,-5.5871,8.6564,-1.722,1
-2.3409999999999997,12.3784,0.70403,-7.5836,1
0.20976999999999998,-0.46146000000000004,7.7267,0.90946,1
-2.3242,11.5176,1.8231,-5.375,1
3.4669,6.87,-1.0568,-0.73147,1
3.7321,-3.884,3.3577,-0.0060490000000000006,1
3.7022,6.9942,-1.8511,-0.12889,1
-0.69572,8.6165,1.8419,-4.3289,1
3.9922,-4.4676,3.7304,-0.1095,1
-1.4106,-7.108,5.6454,0.31335,2
-4.0218,-8.304,12.555,-1.5099,2
0.8329200000000001,7.5404,0.65005,-0.9254399999999999,1
-0.9540299999999999,1.9824,-2.3163,-1.1957,2
3.1452,5.825,-0.51439,-1.4944,1
4.1038,-4.8069,3.3491,-0.49225,1
-1.5219999999999998,-6.6383,5.7491,-0.10690999999999999,2
-0.7784800000000001,3.4019,-3.4859,-3.5569,2
2.5559,3.3605,2.0321,0.26809,1
-3.0061,-12.2377,11.9552,-2.1603,2
2.9421,7.4101,-0.97709,-0.8840600000000001,1
5.032,8.2026,-2.6256,-1.0341,1
-1.2568,-1.4733,2.8718,0.44653000000000004,2
2.8033,9.0862,-3.3668,-1.0224,1
-1.0555,0.79459,-1.6968,-0.46768000000000004,2
-1.7713,-10.7665,10.2184,-1.0043,2
3.6667,4.302,0.55923,0.33791,1
6.8248,5.2187,-2.5425,0.5461,1
0.94732,-0.57113,7.1903,-0.67587,1
4.1927,-3.2674,2.5839,0.21766,1
0.3798,0.7098,0.7572,-0.4444,1
1.6032,-4.7863,8.5193,-2.1203,1
0.84546,3.4826,-3.6307,-1.3961,2
3.5251,0.7201,1.6928,0.6443800000000001,1
3.9294,1.4112,1.8076,0.8978200000000001,1
2.1616,-6.8804,8.1517,-0.081048,1
-3.7181,-8.5089,12.363,-0.9551799999999999,2
-0.69745,-1.7672,-0.34474,-0.12372000000000001,2
5.1129,-0.49871000000000004,0.62863,1.1189,1
-1.239,-6.541,4.8151,-0.033204000000000004,2
0.030219,-1.0512,1.4024,0.77369,2
0.26877,4.987,-5.1508,-6.3913,2
-2.3211,3.1660000000000004,-1.0002,-2.7151,2
-4.1958,-8.1819,12.1291,-1.6017,2
1.6849,8.7489,-1.2641,-1.3858,1
-3.3203,-0.026910000000000003,2.9618,-0.44958000000000004,2
-3.5985,-13.6593,17.6052,-2.4927,2
-2.2527,11.5321,2.5899,-3.2737,1
2.0466,2.03,2.1761,-0.083634,1
-2.4621,2.7645,-0.62578,-2.8573,2
1.5631,0.89599,-1.9702,0.65472,2
1.0284,9.767000000000001,-1.3687,-1.7853,1
-2.3142,2.0838,-0.46813,-1.6767,2
-2.6864,-0.097265,0.61663,0.061191999999999996,2
1.0135,8.4551,-1.672,-2.0815,1
1.6799,4.2068,-4.5398,-2.3931,2
1.2198,2.0982,-3.1954,0.12843,2
4.1373,0.49248000000000003,1.093,1.8276,1
3.2718,1.7837,2.1161,0.61334,1
4.65,-4.8297,3.4553,-0.25174,1
-0.96511,9.4111,1.7305,-4.8629,1
-0.46651000000000004,2.3383,-2.9812,-1.0431,2
3.9364,10.5885,-3.725,-4.3133,1
3.1887,-3.4143,2.7742,-0.2026,1
-5.8818,7.6584,0.5558,-2.9155,2
2.3969,0.23589000000000002,4.8477,1.4369999999999998,1
-1.8629,-0.84841,2.5377,0.097399,2
0.049175,6.1437,1.7828,-0.72113,1
3.245,6.63,-0.63435,0.8693700000000001,1
-0.55648,3.2136,-3.3085,-2.7965,2
5.0185,8.5978,-2.9375,-1.281,1
0.64215,3.1287,4.2933,0.6469600000000001,1
-4.211,-12.4736,14.9704,-1.3884,2
-0.09219400000000001,0.39315,-0.32846,-0.13794,2
0.3798,0.7098,0.7572,-0.4444,1
3.0333,-2.5928,2.3183,0.303,1
-4.2091,4.7283,-0.49126000000000003,-5.2159,2
-4.3667,6.0692,0.57208,-5.4668,2
0.3798,0.7098,0.7572,-0.4444,1
-2.0149,3.6874,-1.9385,-3.8918,2
-1.8219,-6.8824,5.4681,0.057313,2
0.22432,-0.52147,-0.40386,1.2017,2
4.2027,0.22760999999999998,0.9610799999999999,0.97282,1
3.4092,5.4049,-2.5228,-0.8995799999999999,1
0.49571000000000004,10.2243,-1.097,-4.0159,1
-0.3489,3.1929,-3.4054,-3.1832,2
4.2586,11.2962,-4.0943,-4.3457,1
4.0680000000000005,-2.9363,2.1992,0.50084,1
-5.2406,6.6258,-0.19908,-6.8607,2
3.9994,0.90427,1.1693,1.6892,1
4.6464,10.5326,-4.5852,-4.206,1
0.5195,-3.2633,3.0895,-0.9849,1
-5.3012,7.3915,0.029699,-7.3987,2
1.9105,8.871,-2.3386,-0.7560399999999999,1
2.8969,0.70768,2.29,1.8663,1
-2.3898,-0.78427,3.0141,0.76205,2
4.5691,-4.4552,3.1769,0.004296,1
-0.72068,-6.7583,5.8408,0.62369,2
1.5356,9.1772,-2.2718,-0.73535,1
3.9414,-3.2902,3.1674,1.0866,1
4.1425,-3.6792,3.8281,1.6297,1
-2.7914,1.7734,6.7756,-0.39915,1
3.7982,10.423,-4.1602,-4.9728,1
0.91315,3.3377,-4.0557,-1.6741,2
0.7376,4.8525,-4.7986,-5.6659,2
4.0405,0.5152399999999999,1.0279,1.1059999999999999,1
0.9657399999999999,8.392999999999999,-1.361,-1.4659,1
-0.87834,3.2569999999999997,-3.6778,-3.2944,2
3.8481,10.1539,-3.8561,-4.2228,1
1.2999,2.5762,2.0107,-0.18967,1
-1.4377,-1.432,2.1144,0.42067,2
4.2475,1.4816,-0.48355,0.9534299999999999,1
3.6582,5.6864,-1.7157,-0.23751,1
-0.97325,-6.4168,5.6026,1.0323,2
3.6077,6.8576,-1.1622,0.28231,1
-2.6685,-10.4519,9.1139,-1.7323,2
0.50225,0.65388,-1.1793,0.39998,2
-2.9498,-8.273,10.2646,1.1629,2
0.38478,6.5989,-0.3336,-0.56466,1
-4.5046,-5.8126,10.8867,-0.52846,2
2.0922,-6.81,8.4636,-0.60216,1
5.2012,0.32694,0.17965,1.1797,1
-0.048007999999999995,-0.5607800000000001,7.7215,0.45299999999999996,1
-2.6286,0.18002,1.7956,0.97282,2
3.2051,8.6889,-2.9033,-0.7819,1
1.6988,2.9094,2.9044,0.11033,1
1.7425,3.6833,-4.0129,-1.7207,2
-0.30432,2.6528,-2.7756,-0.65647,2
0.7589600000000001,0.29175999999999996,-1.6506,0.83834,2
3.7439999999999998,0.79459,0.9585100000000001,1.0077,1
-0.27068000000000003,3.2674,-3.5562,-3.0888,2
0.74307,11.17,-1.3824,-4.0728,1
-0.036127,1.525,-1.4089,-0.76121,2
-0.61442,-0.091058,-0.31818,0.5021399999999999,2
4.1736,3.3336,-1.4244,0.60429,1
1.2746,8.8172,-1.5323,-1.7957,1
-1.9389,1.5706,0.045979,-1.122,2
0.009661,3.5612,-4.407,-4.4103,2
-2.3299,-9.9532,8.4756,-1.8733,2
-5.2943,-5.1463,10.3332,-1.1181,2
3.4359,0.6621600000000001,2.1041,1.8922,1
3.3583,10.3567,-3.7301,-3.6991,1
-3.3793,-13.7731,17.9274,-2.0323,2
0.5706,-0.0248,1.2421,-0.5621,1
1.4501,3.6067,-4.0557,-1.5966,2
3.1219,-3.137,1.9259,-0.37458,1
-0.83121,0.039307,0.053689999999999995,-0.23105,2
2.614,8.0081,-3.7258,-1.3069,1
1.1317,3.9647,3.3979,0.84351,1
3.6277,0.9829,0.68861,0.63403,1
-1.6677,-7.1535,7.8929,0.96765,2
0.51947,-3.2633,3.0895,-0.98492,1
-2.3147,3.6668,-0.6969,-1.2474,2
0.55298,-3.4619,1.7048,1.1008,2
0.017269999999999997,8.693,1.3989,-3.9668,1
0.4339,5.5395,2.033,-0.40431999999999996,1
-2.9915,-6.6258,8.6521,1.8198,2
4.223,1.1319,0.72202,0.9611799999999999,1
-1.2424,-1.7175,-0.52553,-0.21036,2
4.6014,5.6264,-2.1235,0.19309,1
-4.9447,3.3005,1.063,-1.444,2
2.8297,6.3485,-0.73546,-0.58665,1
-1.8439,-8.6475,7.6796,-0.66682,2
3.3299,0.91254,1.5806,0.39352,1
-2.4953,11.1472,1.9353,-3.4638,1
3.6216,8.6661,-2.8073,-0.44698999999999994,1
2.7161,-4.2006,4.1914,0.16981,1
-3.5933,0.22968000000000002,0.7126,-0.3332,2
3.8213,0.23175,2.0133,2.0564,1
-1.7549,-0.080711,-0.75774,-0.3707,2
-1.7976,-6.7686,6.6753,0.89912,2
-1.4233,-0.9891200000000001,2.3586,0.39481,2
-2.9662,-10.3257,8.783999999999999,-2.1138,2
-1.5449,-10.1498,9.6152,-1.2332,2
-3.2238,2.7935,0.32274,-0.8607799999999999,2
-1.6952,1.0657,8.8294,0.94955,1
3.6922,-3.9585,4.3439,1.3517,1
2.9939999999999998,7.2011,-1.2153,0.3211,1
-1.2369,-1.6906,2.5180000000000002,0.51636,2
5.7227,5.8312,-2.4097,-0.24527,1
4.0962,10.1891,-3.9323,-4.1827,1
1.4806,7.6377,-2.7876,-1.0341,1
-1.2943,2.6735,-0.84085,-2.0323,2
-0.11782999999999999,-1.5789,8.03,-0.028031,1
-3.8826,4.898,-0.92311,-5.0801,2
1.9818,9.2621,-3.5210000000000004,-1.8719999999999999,1
0.5746100000000001,10.1105,-1.6917,-4.3922,1
0.12326,8.9848,-0.9351,-2.4332,1
5.1302,8.6703,-2.8913,-1.5086,1
0.3292,-4.4552,4.5718,-0.9888,1
0.25943,5.0097,-5.0394,-6.3862,2
-0.16108,-6.4624,8.3573,-1.5216,1
-4.1479,7.1225,-0.08340399999999999,-6.4172,2
-3.5359,0.30417,0.6569,-0.2957,2
0.88444,6.5906,0.55837,-0.44182,1
-4.8861,7.0542,-0.17252,-6.959,2
5.7823,5.5788,-2.4089,-0.056478999999999994,1
-0.12624000000000002,10.3216,-3.7121,-6.1185,1
-0.8980899999999999,-4.4862,2.2009,0.50731,2
0.96414,5.6160000000000005,2.2138,-0.12500999999999998,1
-1.1497,1.2954,7.7010000000000005,0.62627,1
4.8851,1.5995,-0.000291,1.6401,1
6.5633,9.8187,-4.4113,-3.2258,1
-2.3983,12.606,2.9464,-5.7888,1
4.8272,3.0687,0.68604,0.8073100000000001,1
-6.7387,6.9879,0.67833,-7.5887,2
-5.0676,-5.1877,10.4266,-0.86725,2
-0.98193,2.7956,-1.2341,-1.5668,2
0.11739000000000001,6.2761,-1.5495,-2.4746,1
-1.7063,2.7956,-2.378,-2.3491,2
4.6439,-3.3729,2.5976,0.55257,1
-1.1193,10.7271,2.0938,-5.6504,1
4.2406,-2.4852,1.608,0.7155,1
-0.29858,2.4769,-2.9512,-0.66165,2
-0.81479,-5.7381,4.3919,0.3211,2
3.0632,-3.3315,5.1305,0.8267,1
4.1654,-3.4495,3.6430000000000002,1.0879,1
0.33325,3.3108,-4.5081,-4.012,2
1.4276,8.3847,-2.0995,-1.9677,1
-2.8829,3.8964,-0.1888,-1.1672,2
-0.278,8.1881,-3.1338,-2.5276,1
2.7296,2.8701,0.5112399999999999,0.5099,1
-2.7143,11.4535,2.1092,-3.9629,1
4.1962,0.74493,0.8325600000000001,0.753,1
0.17346,7.8695,0.26876,-3.7883,1
2.0139,6.1416,0.37929,0.56938,1
-5.1661,8.0433,0.044265,-4.4983,2
-1.7697,3.4329,-1.2144,-2.3789,2
-2.3629,-0.10554000000000001,1.9336,1.1358,2
-1.2537,10.8803,1.931,-4.3237,1
-0.2062,9.2207,-3.7044,-6.8103,1
3.9771,11.1513,-3.9272,-4.3444,1
3.1060000000000003,9.5414,-4.2536,-4.003,1
4.5679,3.1929,-2.1055,0.29653,1
4.3435,3.3295,0.83598,0.64955,1
-0.83535,0.80494,-1.6411,-0.19225,2
-2.5526,-7.3625,6.9255,-0.66811,2
-0.49281,3.0605,-1.8356,-2.8339999999999996,2
0.96788,7.1907,1.2798,-2.4565,1
4.5707,7.2094,-3.2794,-1.4944,1
4.4338,9.887,-4.6795,-3.7483,1
-2.1405,-0.16762,1.321,-0.20906,2
-3.8053,2.4273,0.6809,-1.0871,2
-0.60254,1.7237,-2.1501,-0.77027,2
-1.5951,-6.572,4.7689,-0.9435399999999999,2
3.5189,6.332000000000001,-1.7791,-0.020273,1
2.565,8.633,-2.9941,-1.3082,1
-2.4349,-9.2497,8.9922,-0.5000100000000001,2
3.8117,10.1457,-4.0463,-4.5629,1
2.7961,2.121,1.8385,0.38316999999999996,1
2.9856,7.2673,-0.409,-2.2431,1
-3.5798,0.45937,2.3457,-0.45733999999999997,2
1.6019999999999999,6.1251,0.5292399999999999,0.47886000000000006,1
2.483,6.6155,-0.79287,-0.9086299999999999,1
-1.48,-10.5244,9.9176,-0.5026,2
2.2596,-0.033118,4.7355,-0.2776,1
1.3349,6.1189,0.46497,0.49826000000000004,1
1.2616,4.4303,-1.3335,-1.7517,1
-0.36372,3.0439,-3.4816,-2.7836,2
0.19080999999999998,9.1297,-3.725,-5.8224,1
1.4479,-4.8794,8.3428,-2.1086,1
-0.7034600000000001,2.957,-3.5947,-3.1457,2
-1.786,-8.1157,7.0858,-1.2112,2
-1.1804,11.5093,0.15565,-6.8194,1
-4.4861,-13.2889,17.3087,-3.2194,2
3.1836,7.2321,-1.0713,-2.5909,1
0.49665,5.527,1.7785,-0.47156000000000003,1
4.4072,-0.070365,2.0416,1.1319,1
-3.8952,3.8157,-0.31304,-3.8194,2
-3.9933,2.6218,0.62863,-1.1595,2
0.89566,7.7763,-2.7473,-1.9353,1
-3.6012,-6.5389,10.5234,-0.48967,2
0.74054,0.36625,2.1992,0.48403,1
3.4985,3.1639,0.22676999999999997,-0.1651,1
-1.005,0.08483099999999999,-0.2462,0.45688,2
2.6881,6.0195,-0.46641000000000005,-0.6926800000000001,1
3.5358,6.7086,-0.81857,0.47886000000000006,1
0.61652,3.8944,-4.7275,-4.3948,2
2.9736,8.7944,-3.6359,-1.3754,1
-0.23356,3.2405,-3.0669,-2.7784,2
-3.0866,-6.6362,10.5405,-0.8918200000000001,2
3.4647,-3.9172,3.9746,0.36119,1
0.40614,1.3492,-1.4501,-0.5594899999999999,2
2.6213,5.7919,0.06568600000000001,-1.5759,1
0.9270299999999999,9.4318,-0.66263,-1.6728,1
3.9663,10.1684,-4.1131,-4.6056,1
2.0007,1.8644,2.6491,0.47368999999999994,1
-4.4996,3.4288,0.56265,-1.1672,2
3.7831,10.0526,-3.8869,-3.7366,1
-0.16682,5.8974,0.49838999999999994,-0.70044,1
3.2414,0.40971,1.4015,1.1952,1
-0.21888000000000002,-2.2038,-0.0954,0.56421,2
0.37984,0.70975,0.75716,-0.44441,1
1.9572,-5.1153,8.6127,-1.4297,1
0.58836,10.7727,-1.3884,-4.3276,1
3.7767,9.7794,-3.9075,-3.5323,1
4.4069,10.9072,-4.5775,-4.4271,1
0.15423,0.11794,-1.6823,0.59524,2
-1.6001,-9.5828,9.4044,0.08188200000000001,2
3.8644,3.7061,0.70403,0.35214,1
-2.234,-7.0314,7.4936,0.61334,2
-1.8584,7.886,-1.6643,-1.8384,1
3.946,6.8514,-1.5443,-0.5582,1
1.7819,6.9176,-1.2744,-1.5759,1
1.1518,1.3864,5.2727,-0.43536,1
2.5581,2.6218,1.8513,0.40257,1
-2.6479,10.1374,-1.331,-5.4707,1
-1.5078,-7.3191,7.8981,1.2289,2
3.8027,0.81529,2.1041,1.0245,1
-2.9098,-10.0712,8.4156,-1.9948,2
-2.4198,-0.24418,0.7014600000000001,0.41808999999999996,2
0.5593899999999999,-0.3104,0.18307,0.44653000000000004,2
3.1541,-5.1711,6.5991,0.57455,1
0.5706,-0.0248,1.2421,-0.5621,1
-2.6649,-12.812999999999999,12.6689,-1.9082,2
-1.2667,2.8183,-2.426,-1.8862,2
-1.7101,-8.7903,7.9735,-0.45475,2
-2.9821,4.1986,-0.5898,-3.9642,2
3.9899,-2.7066,2.3946,0.8629100000000001,1
2.6799,3.1349,0.34073000000000003,0.5848899999999999,1
-5.0301,7.5032,-0.13396,-7.5034,2
2.2893,3.733,0.6312,-0.39786,1
-0.0068920000000000006,9.2931,-0.41243,-1.9638,1
-3.8858,-12.8461,12.7957,-3.1353,2
1.0235,6.901,-2.0062,-2.7125,1
4.3483,11.1079,-4.0857,-4.2539,1
0.32444,10.067,-1.1982,-4.1284,1
-1.7263,-6.0237,5.2419,0.29524,2
3.8496,9.7939,-4.1508,-4.4582,1
1.7875,4.78,-5.1362,-3.2362,2
-1.5222,10.8409,2.7827,-4.0974,1
5.8519,5.3905,-2.4037,-0.061652,1
4.2458,1.1981,0.66633,0.94696,1
1.208,4.0744,-4.7635,-2.6129,2
1.3754,8.8793,-1.9136,-0.53751,1
3.0242,-3.3378,2.5865,-0.54785,1
-2.8989999999999996,-0.60424,2.6045,1.3776,2
-0.6907800000000001,-0.5007699999999999,-0.35417,0.47498,2
0.60731,3.9544,-4.772,-4.4853,2
-1.7479,-5.8229999999999995,5.8699,1.212,2
1.3566,4.2358,2.1341,0.3211,1
-0.63298,-5.1277,4.5624,1.4797,2
-1.5572,-9.8808,8.1088,-1.0806,2
2.2034,5.9947,0.53009,0.84998,1
-2.5919,-1.0553,3.8949,0.77757,2
3.4667,-4.0724,4.2882,1.5418,1
-2.659,-1.6058,1.3647,0.16464,2
4.6765,-3.3895,3.4896,1.4771,1
5.8782,5.9409,-2.8544,-0.60863,1
3.5257,1.2829,1.9276,1.7991,1
-1.7582,2.7397,-2.5323,-2.234,2
5.7456,10.1808,-4.7857,-4.3366,1
-3.793,-12.7095,12.7957,-2.825,2
-4.6338,-12.7509,16.7166,-3.2168,2
-1.2846,3.2715,-1.7671,-3.2608,2
0.74521,3.6357,-4.4044,-4.1414,2
1.0987,0.6394,5.989,-0.58277,1
2.3925,9.798,-3.0361,-2.8224,1
-4.7331,-6.1789,11.388,-1.0741,2
-2.7419,11.4038,2.5394,-5.5793,1
-0.89569,3.0025,-3.6067,-3.4457,2
2.6606,3.1681,1.9619,0.18662,1
0.8135600000000001,9.1566,-2.1492,-4.1814,1
2.2504,3.5757,0.35273000000000004,0.2836,1
3.9362,10.1622,-3.8235,-4.0172,1
2.7206,9.0821,-3.3111,-0.96811,1
3.8244,-3.1081,2.4537,0.5202399999999999,1
-1.5228,-6.4789,5.7568,0.87325,2
-0.74324,-0.32902,-0.42785,0.23317,2
3.8197,8.9951,-4.383,-4.0327,1
-0.87874,-2.2121,-0.051701,0.099985,2
4.9923,7.8653,-2.3515,-0.7198399999999999,1
1.3087,4.9228,2.0013,0.22024000000000002,1
-1.8483,0.31038000000000004,0.77344,1.4189,2
1.3264,1.0326,5.6566,-0.41336999999999996,1
2.031,1.8519999999999999,-3.0121,0.003003,2
4.1757,10.2615,-3.8552,-4.3056,1
-0.1269,-1.1505,-0.9513799999999999,0.57843,2
-1.0833,-0.31246999999999997,1.2815,0.41291000000000005,2
-1.9881,0.99945,-0.28562,-0.70044,2
2.4486,-6.3175,7.9632,0.20601999999999998,1
-1.8554,-9.6035,7.7764,-0.97716,2
1.0009,7.7846,-0.28219,-2.6608,1
-1.7886,-6.3486,5.6154,0.42583999999999994,2
1.2309,3.8923,-4.8277,-4.0069,2
-1.3,10.2678,-2.9530000000000003,-5.8638,1
1.645,7.8612,-0.87598,-3.5569,1
4.0296,2.6756,0.80685,0.7167899999999999,1
5.6272,10.0857,-4.2931,-3.8142,1
0.11685999999999999,3.735,-4.4379,-4.3741,2
3.4591,11.112,-4.2039,-5.0931,1
2.3066,3.5364,0.5755100000000001,0.41938000000000003,1
-1.8076,-8.8131,8.7086,-0.21681999999999998,2
-4.4018,-12.9371,15.6559,-1.6806,2
-3.5637,-8.3827,12.392999999999999,-1.2823,2
1.0552,1.1857,-2.6411,0.11033,2
4.7072,8.2957,-2.5605,-1.4905,1
2.4527,2.9653,0.20021,-0.056478999999999994,1
1.3114,4.5462,2.2935,0.22541,1
4.5645,-3.6275,2.8684,0.27714,1
5.3915,9.9946,-3.8081,-3.3642,1
-1.1005,-7.2508,6.0139,0.36895,2
-1.0112,2.9984,-1.1664,-1.6185,2
-1.3274,9.498,2.4408,-5.2689,1
3.4776,8.811,-3.1886,-0.92285,1
-0.025314,-0.17382999999999998,-0.11339,1.2198,2
2.0165,-0.25246,5.1707,1.0763,1
2.108,6.7955,-0.1708,0.4905,1
3.3004,7.0811,-1.3258,0.22283000000000003,1
-4.9462,3.5716,0.82742,-1.4957,2
-0.9131799999999999,-2.0113,-0.19565,0.066365,2
4.0422,-4.391,4.7466,1.137,1
2.6648,10.754000000000001,-3.3994,-4.1685,1
4.4295,-2.3507,1.7048,0.90946,1
-0.90784,-7.9026,6.7807,0.34179,2
-6.3364,9.2848,0.014275,-6.7844,2
-1.3907,-1.3781,2.3055,-0.021566,2
-3.6053,-5.974,10.0916,-0.8284600000000001,2
-2.343,12.9516,3.3285,-5.9426,1
1.1644,3.8095,-4.9408,-4.0909,2
-2.2482,3.0915,-2.3969,-2.6711,2
3.8969,7.4163,-1.8245,0.14007,1
2.8209,7.3108,-0.81857,-1.8784,1
-2.4473,12.6247,0.73573,-7.6612,1
-2.565,-5.7899,6.0122,0.046968,2
-2.0891,-0.48422,1.704,1.7435,2
5.807,5.0097,-2.2384,0.43878,1
3.7635,2.7811,0.6611899999999999,0.34179,1
-2.0962,-7.1059,6.6188,-0.33708,2
-1.4427,3.2922,-1.9702,-3.4392,2
0.9297,-3.7971,4.6429,-0.2957,1
-1.3612,10.694,1.7022,-2.9026,1
-5.6370000000000005,8.1261,0.13080999999999998,-5.0142,2
4.3634,0.46351000000000003,1.4281,2.0202,1
3.5438,1.2395,1.9969999999999999,2.1547,1
1.8967,-2.5163,2.8093,-0.79742,1
2.1948,1.3781,1.1582,0.85774,1
0.9297,-3.7971,4.6429,-0.2957,1
2.6562,10.7044,-3.3085,-4.0767,1
-1.8448,1.254,0.27218000000000003,-1.0728,2
-3.0731,-0.53181,2.3877,0.77627,2
-4.1409,3.4619,-0.47841000000000006,-3.8879,2
2.0843,6.6258,0.48382,-2.2134,1
-1.5851,-2.1562,1.7082,0.9017,2
-2.9883,0.31245,0.45041000000000003,0.068951,2
-3.5916,-6.2285,10.2389,-1.1543,2
-1.5252,-6.2534,5.3524,0.59912,2
0.32924000000000003,-4.4552,4.5718,-0.9888,1
-3.8203,-13.0551,16.9583,-2.3052,2
4.988,7.2052,-3.2846,-1.1608,1
0.518,0.25865,-0.84085,0.9611799999999999,2
-0.77688,0.13036,-0.031137,-0.35389,2
3.6702,2.9942,0.85141,0.30688000000000004,1
-1.7104,-4.7780000000000005,6.2109,0.3974,2
-6.2815,6.6651,0.52581,-7.0107,2
1.3403,4.1323,-4.7018,-2.5987,2
2.3729,10.4726,-3.0087,-3.2013,1
0.12125999999999999,0.22346999999999997,-0.47326999999999997,0.97024,2
2.1274,5.1939,-1.7971,-1.1763,1
2.7391,7.4018,0.071684,-2.5302,1
1.1676,9.1566,-2.0867,-0.80647,1
4.3239,-4.8835,3.4356,-0.5776,1
0.6212,3.6771,-4.0771,-2.0711,2
0.040498,8.5234,1.4461,-3.9306,1
-2.8267,-9.0407,9.0694,-0.9823299999999999,2
0.87256,9.2931,-0.7843,-2.1978,1
0.00312,-4.0061,1.7956,0.91722,2
3.3577,-4.3062,6.0241,0.18274,1
2.9695,5.6222,0.27560999999999997,-1.1556,1
3.9433,2.5017,1.5215,0.903,1
0.5195,-3.2633,3.0895,-0.9849,1
5.2423,11.0272,-4.353,-4.1013,1
-2.0759,10.8223,2.6439,-4.837,1
2.4391,6.4417,-0.80743,-0.69139,1
-2.8957,-12.0205,11.9149,-2.7552,2
-3.8073,-8.0971,10.1772,0.65084,2
-2.5639999999999996,-1.7051,1.5026,0.32757,2
-0.062025,6.1975,1.099,-1.131,1
-5.4808,8.1819,0.27818000000000004,-5.0323,2
-0.10647999999999999,-0.76771,7.7575,0.64179,1
3.931,1.8541,-0.023425,1.2314,1
-0.11715999999999999,0.60422,-0.38587,-0.059065,2
4.2134,-2.806,2.0116,0.6741199999999999,1
-3.4083,4.8587,-0.76888,-4.8668,2
2.8237,2.8597,0.19677999999999998,0.57196,1
1.9358,8.1654,-0.023425,-2.2586,1
-1.1859,-1.2519,2.2635,0.7723899999999999,2
-3.1366,0.42212,2.6225,-0.064238,2
4.0948,-2.9674,2.3689,0.75429,1
4.0715,7.6398,-2.0824,-1.1698,1
1.8238,-6.7748,8.3873,-0.5413899999999999,1
-2.6406,-4.4159,5.983,-0.13924,2
0.80355,2.8473,4.3439,0.6017,1
3.7818,-2.8846,2.2558,-0.15734,1
-3.6227,3.9958,-0.35845,-3.9047,2
0.63655,5.2022,-5.2159,-6.1211,2
2.2279,4.0951,-4.8037,-2.1112,2
0.9297,-3.7971,4.6429,-0.2957,1
-1.4781,0.14277,-1.1622,-0.48578999999999994,2
1.5514,3.8013,-4.9143,-3.7483,2
-1.4275,11.8797,0.41613,-6.9978,1
1.6426,3.0149,0.22849,-0.147,1
2.9719,6.8369,-0.2702,0.71291,1
3.3756,-4.0951,4.367,1.0698,1
-2.2617,-4.7428,6.3489,0.11162000000000001,2
-2.3142,-0.68494,1.9833,-0.44828999999999997,2
-1.6641,-1.3678,1.9969999999999999,0.52283,2
1.7619999999999998,4.3682,2.1384,0.75429,1
-1.4454,-8.4385,8.8483,0.9689399999999999,2
0.3798,0.7098,0.7572,-0.4444,1
3.9479,-3.7723,2.883,0.019813,1
2.6719,3.0646,0.37158,0.58619,1
-1.3659999999999999,0.18416,0.9053899999999999,1.5806,2
1.4507,8.7903,-2.2324,-0.65259,1
1.04,-6.9321,8.2888,-1.2991,1
-2.5419,-0.65804,2.6842,1.1952,2
-0.8172,3.3812,-3.6684,-3.4560000000000004,2
0.5623199999999999,1.0015,-2.2726,-0.0060490000000000006,2
-6.3979,6.4479,1.0836,-6.6176,2
0.11032,1.9741,-3.3668,-0.65259,2
0.3223,-0.8980799999999999,8.0883,0.69222,1
0.81583,4.84,-5.2613,-6.0823,2
1.3562,3.2136,4.3465,0.78662,1
1.1432,-3.7413,5.5777,-0.63578,1
0.5415,6.0319,1.6825,-0.46121999999999996,1
-2.8619,4.5193,-0.58123,-4.2629,2
5.4944,1.5478,0.041694,1.9284,1
3.6289,0.8132199999999999,1.6277,0.77627,1
0.8829799999999999,0.66009,6.0096,-0.43277,1
-0.014902,-1.0243,-0.94024,0.64955,2
0.1848,6.5079,2.0133,-0.8724200000000001,1
-4.7462,3.1205,1.075,-1.2966,2
-2.9786,2.3445,0.52667,-0.40173000000000003,2
-0.53966,7.3273,0.46583,-1.4543,1
-3.0,-9.1566,9.5766,-0.73018,2
3.8846,-3.0336,2.5334,0.20214000000000001,1
-3.0201,-0.6725300000000001,2.7056,0.85774,2
-2.0754,1.2767,-0.6420600000000001,-1.2642,2
-1.1306,1.8458,-1.3575,-1.3806,2
-2.0631,-1.5147,1.219,0.44523999999999997,2
5.0452,3.8964,-1.4304,0.8629100000000001,1
-1.0744,-6.3113,5.355,0.80472,2
-4.0173,-8.3123,12.4547,-1.4375,2
-2.1979,-2.1252,1.7151,0.45171000000000006,2
-5.1216,-5.3118,10.3846,-1.0612,2
-4.2249,6.2699,0.15822,-5.5457,2
5.0691,0.21313000000000001,0.20278,1.2095,1
-2.5084,-0.22763000000000003,1.4880000000000002,1.2069,2
-0.2951,9.0489,-0.52725,-2.0789,1
-1.6386,3.3584,-1.7302,-3.5646,2
-1.9725,2.8825,-2.3086,-2.3724,2
3.3397,-4.6145,3.9823,-0.23751,1
1.5456,8.5482,0.4187,-2.1784,1
1.4896,3.4288,-4.0309,-1.4259,2
2.549,6.1499,-1.1605,-1.2371,1
-1.7599,11.9211,2.6756,-3.3241,1
3.0864,-2.5845,2.2309,0.30946999999999997,1
2.5605,9.2683,-3.5913,-1.3559999999999999,1
-0.9607,2.6963,-3.1226,-1.3121,2
-2.0285,3.8468,-0.63435,-1.175,2
3.2032,5.7588,-0.75345,-0.61251,1
0.14329,-1.0885,1.0039,0.48791,2
-4.8426,-4.9932,10.4052,-0.53104,2
0.7712399999999999,9.0862,-1.2281,-1.4996,1
5.2868,3.2569999999999997,-1.3721,1.1668,1
0.004055,0.62905,-0.6412100000000001,0.75817,2
-1.8343,-6.5907,5.6429,0.54998,2
-2.3518,-4.8359,6.6479,-0.060358,2
-5.525,6.3258,0.8976799999999999,-6.6241,2
3.7758,7.1783,-1.5195,0.40128,1
-1.8584,7.886,-1.6643,-1.8384,1
-2.7908,-5.7133,5.952999999999999,0.45946000000000004,2
1.8114,7.6067,-0.9788,-2.4668,1
4.5447,8.2274,-2.4166,-1.5875,1
3.8384,6.1851,-2.0439,-0.033204000000000004,1
4.1665,-0.4449,0.23448000000000002,0.27843,1
0.066129,2.4914,-2.9401,-0.62156,2
0.52374,3.6439999999999997,-4.0746,-1.9909,2
3.9719,1.0367,0.75973,1.0013,1
-6.1536,7.9295,0.61663,-3.2646,2
1.1315,7.9212,1.093,-2.8444,1
-1.1667,-1.4237,2.9241,0.6611899999999999,2
3.8584,0.78425,1.1033,1.7008,1
1.9647,6.9383,0.57722,0.66377,1
-1.0292,-6.3879,5.5255,0.79955,2
-6.4247,9.5311,0.022844,-6.8517,2
2.1881,2.7356,1.3278,-0.1832,1
-1.9458,11.2217,1.9079,-3.4405,1
3.2585,-4.4614,3.8024,-0.15087,1
-1.6988,-7.1163,5.7902,0.16723,2
5.086,3.2798,-1.2701,1.1189,1
3.9232,-3.2467,3.4579,0.83705,1
2.2546,8.0992,-0.24877,-3.2698,1
-6.0598,9.2952,-0.43642,-6.3694,2
1.9157,6.0816,0.23705,-2.0116,1
-3.3604,-0.32696,2.1324,0.6017,2
1.9265,7.7557,-0.16823,-3.0771,1
1.9340000000000002,-9e-06,4.816,-0.33966999999999997,1
-2.4561,-4.5566,6.4534,-0.056478999999999994,2
1.3049,-0.15521,6.4911,-0.75346,1
-1.4572,9.1214,1.7425,-5.1241,1
-0.78689,9.5663,-3.7867,-7.5034,1
-0.94255,0.039307,-0.24191999999999997,0.31593000000000004,2
1.6472,0.48213,4.7449,1.225,1
-3.9297,-6.0816,10.0958,-1.0147,2
-1.4094,-2.1252,-0.10397,-0.19225,2
-2.7611,-10.5099,9.0239,-1.9547,2
0.54777,10.3754,-1.5435,-4.1633,1
-2.5754,-5.6574,6.103,0.6521399999999999,2
-1.3,10.2678,-2.9530000000000003,-5.8638,1
0.94225,5.8561,1.8762,-0.32544,1
4.5459,8.1674,-2.4586,-1.4621,1
3.2351,9.647,-3.2074,-2.5948,1
3.2403,-3.7082,5.2804,0.41291000000000005,1
-3.3458,-0.5049100000000001,2.6328,0.53705,2
-1.6936,2.7852,-2.1835,-1.9276,2
-1.9551,-6.9756,5.5383,-0.12889,2
-2.0662,0.16967000000000002,-1.0054,-0.82975,2
0.86816,10.2429,-1.4912,-4.0082,1
-0.41645,0.32487,-0.33616999999999997,-0.36036,2
3.7798,-3.3109,2.6491,0.066365,1
-3.8894,-7.8322,9.8208,0.47498,2
2.6718,5.6574,0.7297399999999999,-1.4892,1
0.77765,5.9781,1.1941,-0.3526,1
3.2692,3.4184,0.20706,-0.066824,1
1.3518,1.0595,-2.3437,0.39998,2
2.0153,0.43661000000000005,4.5864,-0.3151,1
3.6941,-3.9482,4.2625,1.1577,1
-5.3857,9.1214,-0.41928999999999994,-5.9181,2
-2.5463,3.1101,-0.8322799999999999,-3.0358,2
0.50813,0.47798999999999997,-1.9804,0.57714,2
2.9233,6.0464,-0.11168,-0.58665,1
-2.2677,3.2964,-2.2563,-2.4642,2
1.5673,7.9274,-0.056842,-2.1694,1
2.2429,-4.1427,5.2333,-0.40173000000000003,1
3.8962,-4.7904,3.3954,-0.53751,1
-0.40857,3.0977,-2.9607,-2.6892,2
-3.5741,3.944,-0.07912000000000001,-2.1203,2
0.33111,4.5731,2.057,-0.18967,1
-3.2305,-7.2135,11.6433,-0.9461299999999999,2
3.9772,0.33521,2.2566,2.1625,1
-2.4725,-0.40145,1.4855,1.1189,2
0.85574,0.008268000000000001,6.6042,-0.53104,1
-3.9411,-12.8792,13.0597,-3.3125,2
4.7432,2.1086,0.1368,1.6543,1
-0.64472,-4.6062,8.347000000000001,-2.7099,1
-4.8392,6.6755,-0.24278000000000002,-6.5775,2
4.1195,10.9258,-3.8929,-4.1802,1
0.66191,9.6594,-0.28819,-1.6638,1
0.20215999999999998,1.9182,-3.2828,-0.61768,2
-0.55008,2.8659,-1.6488,-2.4319,2
-0.70867,-5.5602,4.0483,0.903,2
5.3063,5.2684,-2.8904,-0.5271600000000001,1
0.86736,5.5643,1.6765,-0.16769,1
-1.6244,-6.3444,4.6575,0.16981,2
-1.9423,0.3766,-1.2898,-0.82458,2
-0.39816,5.9781,1.3912,-1.1621,1
-3.5681,-8.213,10.083,0.96765,2
-0.62043,0.5587,-0.38587,-0.66423,2
-2.2811,-0.85669,2.7185,0.044382,2
-2.7264,3.9213,-0.49212,-3.6371,2
5.1321,-0.031048000000000003,0.32616,1.1151,1
-1.1391,1.8127,6.9144,0.70127,1
-2.2501,3.3129,-0.88369,-2.8974,2
3.6181,-3.7454,2.8273,-0.71208,1
4.3365,-3.5839999999999996,3.6884,0.74912,1
3.82,10.9279,-4.0112,-5.0284,1
-0.28015,3.0729,-3.3857,-2.9155,2
0.14783,7.946000000000001,1.0742,-3.3409,1
2.0051,-6.8638,8.132,-0.2401,1
-2.5373,-6.959,8.8054,1.5289,2
-2.1059,1.1815,-0.5332399999999999,-0.82716,2
-3.9172,2.6652,0.78886,-0.7819,2
-1.8187,-9.0366,9.0162,-0.12243,2
-2.0897,10.8265,2.3603,-3.4198,1
-1.0401,9.3987,0.85998,-5.3336,1
-3.7747,2.5162,0.83341,-0.30993000000000004,2
4.1711,8.722000000000001,-3.0224,-0.5969899999999999,1
-0.9358700000000001,-5.1008,4.5367,1.3866,2
-1.3389,1.5519999999999998,7.0806,1.031,1
2.8523,9.0096,-3.761,-3.3371,1
0.44125,2.9487,4.3225,0.7155,1
-1.2576,1.5892,7.0078,0.42455,1
2.1265,6.8783,0.44783999999999996,-2.2224,1
0.95626,2.4728,4.4578,0.21636,1
1.7331,3.9544,-4.7412,-2.5017,2
-0.62684,-6.301,4.7843,1.1059999999999999,2
3.7791,2.5762,1.3098,0.5655,1
-2.4835,-7.4494,6.8964,-0.64484,2
3.1896,5.7526,-0.18537,-0.30086999999999997,1
5.4021,3.1039,-1.1536,1.5651,1
3.404,8.7261,-2.9915,-0.5724199999999999,1
-2.2183,-1.254,2.9986,0.36378,2
-3.6961,-13.6779,17.5795,-2.6181,2
-1.8411,10.8306,2.7689999999999997,-3.0901,1
4.2772,2.4955,0.48553999999999997,0.36119,1
1.8314,6.3672,-0.036278,0.049554,1
0.39011999999999997,-0.14279,-0.031994,0.35084,2
1.3234,3.2964,0.2362,-0.11984000000000002,1
-4.4779,7.3708,-0.31218,-6.7754,2
-0.55355,-7.9233,6.7156,0.7439399999999999,2
-3.2854,4.0372,-0.45356,-1.8228,2
1.0191,2.33,4.9334,0.82929,1
1.7748,-0.76978,5.5854,1.3039,1
2.1464,6.0795,-0.5778,-2.2302,1
-2.0042,-9.3676,9.3333,-0.10303,2
-3.0986,-10.4602,8.9717,-2.3427,2
2.6682,10.216000000000001,-3.4414,-4.0069,1
-3.7503,-13.4586,17.5932,-2.7771,2
-3.1128,-6.841,10.7402,-1.0172,2
4.9342,2.4107,-0.17594,1.6245,1
-2.1234,1.1815,-0.55552,-0.81165,2
4.0026,-3.5943,3.5573,0.26809,1
3.5499,8.6165,-3.2794,-1.2009,1
-0.9592299999999999,0.091039,6.2204,-1.4828,1
2.2123,-5.8395,7.7687,-0.8530200000000001,1
3.7522,-3.6978,3.9943,1.3051,1
-0.40951,-0.15521,0.060545,-0.08880700000000001,2
1.5701,7.9129,0.29018,-2.1953,1
-1.2792,2.1376,-0.47584,-1.3974,2
-1.1022,-5.8395,4.5641,0.68705,2
-3.0193,1.7775,0.73745,-0.45346000000000003,2
4.8077,2.2327,-0.26334,1.5534,1
-1.6162,0.80908,8.1628,0.60817,1
-0.36506,2.8928,-3.6461,-3.0603,2
5.0617,-0.35799000000000003,0.44698000000000004,0.9986799999999999,1
1.3183,1.9017,-3.3111,0.065071,2
4.0632,3.5839999999999996,0.72545,0.39481,1
-0.28696,3.1784,-3.5767,-3.1896,2
2.0193,0.8235600000000001,4.6369,1.4202,1
-5.9034,6.5679,0.67661,-6.6797,2
-1.3931,1.5664,7.5382,0.78403,1
-1.5768,10.843,2.5462,-2.9362,1
0.3292,-4.4552,4.5718,-0.9888,1
1.1558,6.4003,1.5506,0.6961,1
4.6361,-2.6611,2.8358,1.1991,1
-2.1674,0.12415,-1.0465,-0.86208,2
1.1166,8.6496,-0.96252,-1.8112,1
-2.258,-9.3263,9.3727,-0.85949,2
5.7867,7.8902,-2.6196,-0.48708,1
1.162,10.2926,-1.2821,-4.0392,1
-0.36025,-4.449,2.1067,0.9430799999999999,2
-0.39416,-0.020702,-0.06626699999999999,-0.44698999999999994,2
-2.4554,-9.0407,8.862,-0.8698299999999999,2
-2.4604,12.7302,0.91738,-7.6418,1
-2.0545,-10.8679,9.4926,-1.4116,2
0.76163,5.8209,1.1959,-0.64613,1
-0.51003,-0.23590999999999998,0.020273,0.76334,2
2.7365,-5.0325,6.6608,-0.57889,1
-3.0799,0.60836,2.7039,-0.23751,2
3.9166,10.2491,-4.0926,-4.4659,1
3.577,2.4004,1.8908,0.73231,1
-1.3946,2.3134,-0.44498999999999994,-1.4905,2
2.5817,9.7546,-3.1749,-2.9957,1
0.24261,0.57318,-1.9402,0.44006999999999996,2
-0.023579,7.1742,0.78457,-0.75734,1
0.5734,9.1938,-0.9094,-1.8719999999999999,1
0.3292,-4.4552,4.5718,-0.9888,1
0.2346,-4.5152,2.1195,1.4448,2
0.77445,9.0552,-2.4089,-1.3884,1
-0.7351,1.7361,-1.4938,-1.1582,2
4.052,-0.16555,0.45383,0.51248,1
-2.2083,-9.1069,8.9991,-0.28406,2
-0.7149399999999999,-4.4448,2.2241,0.49826000000000004,2
2.3718,7.4908,0.015989,-1.7414,1
-3.6085,3.3253,-0.51954,-3.5737,2
0.66018,10.3878,-1.4029,-3.9151,1
-0.8940899999999999,3.1991,-1.8219,-2.9452,2
0.90407,3.3708,-4.4987,-3.6965,2
3.2697,-4.3414,3.6884,-0.29829,1
-0.75793,2.5349,-3.0464,-1.2629,2
0.26637,0.73252,-0.67891,0.03533,2
0.87603,6.8141,0.84198,-0.17156,1
1.0607,2.4542,2.5188,-0.17027,1
-1.0941,2.3072,-2.5237,-1.4453,2
1.1472,3.5985,1.9387,-0.43406000000000006,1
4.0713,10.4023,-4.1722,-4.7582,1
-1.4904,-2.2183,1.6054,0.89394,2
1.1640000000000001,3.9130000000000003,-4.5544,-3.8672,2
-2.2918,-7.257000000000001,7.9597,0.9211,2
-7.0364,9.2931,0.16594,-4.5396,2
-3.4605,2.6901,0.16165,-1.0224,2
-3.3582,-7.2404,11.4419,-0.57113,2
